-- smplmark local dev seed (generated by scripts/gen-seed.mjs — do not edit by hand).
-- Apply: wrangler d1 execute smplmark --local --file scripts/seed.sql
--
-- DEV CREDENTIALS (local only — never real):
--   Web login:  dev@smplkit.test  /  smplmark-dev-password
--   Ingest key (RUN-scoped, run-scheduler-a): sm_api_devlocalkeyDEADBEEF00000000000000000000
--     curl -X POST http://localhost:8787/api/v1/observations \
--       -H "Authorization: Bearer sm_api_devlocalkeyDEADBEEF00000000000000000000" \
--       -H "Content-Type: application/vnd.api+json" \
--       -d '{"data":{"type":"observation","attributes":{"run":"run-scheduler-a"}}}'

DELETE FROM observation; DELETE FROM run; DELETE FROM target; DELETE FROM benchmark;
DELETE FROM api_key; DELETE FROM email_verification; DELETE FROM session;
DELETE FROM account_user; DELETE FROM account; DELETE FROM user_identity; DELETE FROM user;

INSERT INTO user (id, email, email_verified, display_name, created_at) VALUES
  ('usr-dev', 'dev@smplkit.test', 1, 'smplkit dev', 1782864000000);
INSERT INTO user_identity (id, user_id, provider, provider_subject, password_hash, created_at) VALUES
  ('146eb7e5-596b-4f1b-b05d-4f48512d35bd', 'usr-dev', 'PASSWORD', NULL, 'pbkdf2$sha256$210000$FHx_2RdRsU-eN75GqCpfUw$BYDkOO60a3_sAfIs2IDgejASqGJFU1y9YP62O8Jdbsk', 1782864000000);

INSERT INTO account (id, key, name, description, url, created_at) VALUES
  ('acct-smplkit', 'smplkit', 'smplkit', 'smplkit builds developer infrastructure — configuration, feature flags, logging, and audit as independently deployable services. Scheduler Latency is smplkit dogfooding smplmark to keep its own schedulers honest.', 'https://smplkit.com', 1782864000000);
INSERT INTO account_user (account_id, user_id, role, created_at) VALUES
  ('acct-smplkit', 'usr-dev', 'OWNER', 1782864000000);

INSERT INTO benchmark (id, account_id, key, name, description, about, methodology, status, published_at, withdrawn_at, withdrawal_reason, sample_schema, created_at, updated_at) VALUES
  ('bench-scheduler-latency', 'acct-smplkit', 'scheduler-latency', 'Scheduler Latency', 'How punctual are scheduled jobs, really?', 'Scheduler Latency measures how close to the top of each minute a scheduled job actually fires.

Every target is a scheduler set to run once a minute. When it fires, it sends a bare-timestamp beacon to smplmark — no payload, just the fact that it ran. The skew (milliseconds past the minute the beacon landed) is derived from that arrival time when the data is read.', 'Each target POSTs an empty beacon to /api/v1/observations on a one-minute cron, authenticated by a run-scoped API key. The server stamps the UTC arrival time and stores nothing else.

skew_ms is computed on read as arrival − floor(arrival ÷ 60000) × 60000. Because it is computed on read, the definition can be refined without migrating a single row.', 'PUBLISHED', 1782864000000, NULL, NULL, '{"metrics":[],"derived":[{"name":"skew_ms","unit":"ms","description":"Milliseconds past the top of the minute the beacon arrived. Lower is more punctual; 0 means the job fired exactly on the minute boundary.","expr":{"minute_offset_ms":[{"var":"created_at"}]}}],"chart":{"x":"created_at","y":"skew_ms","x_kind":"TIME"}}', 1782864000000, 1782864000000);

INSERT INTO target (id, benchmark_id, key, name, details, created_at, updated_at) VALUES
  ('tgt-scheduler-a', 'bench-scheduler-latency', 'scheduler-a', 'Scheduler A', NULL, 1782864000000, 1782864000000),
  ('tgt-scheduler-b', 'bench-scheduler-latency', 'scheduler-b', 'Scheduler B', NULL, 1782864000000, 1782864000000);

INSERT INTO run (id, target_id, key, name, details, started_at, ended_at, invalidated_at, invalidation_reason, invalidated_by_user_id, created_at, updated_at) VALUES
  ('run-scheduler-a', 'tgt-scheduler-a', 'default', 'default', NULL, 1782900000000, NULL, NULL, NULL, NULL, 1782864000000, 1782864000000),
  ('run-scheduler-b', 'tgt-scheduler-b', 'default', 'default', NULL, 1782900000000, NULL, NULL, NULL, NULL, 1782864000000, 1782864000000);

INSERT INTO api_key (id, account_id, name, scope_type, scope_ref, key_hash, key_encrypted, prefix, expires_at, created_by_user_id, revoked_at, last_used_at, created_at) VALUES
  ('40e11513-6584-4a55-9ede-96cd6f078aa3', 'acct-smplkit', 'scheduler-a ingest', 'RUN', 'run-scheduler-a', '11af306ecb935987c21c293a43cdceb3875176de17c379123e08bb84987c0862', '7Nf0az6/5XhIw3/fmkSVb7TKSwL5cgFThtUFGI2piM+K/Q2gdLIG5aMr3uBgFncoDBESF0x+S/rWY+ceKosUH0RinswV5Jdh0KM=', 'sm_api_devlocal', NULL, 'usr-dev', NULL, NULL, 1782864000000);

INSERT INTO observation (run_id, created_at, metrics, meta, client_ip) VALUES
  ('run-scheduler-a', 1782900000020, NULL, NULL, NULL),
  ('run-scheduler-a', 1782900060052, NULL, NULL, NULL),
  ('run-scheduler-a', 1782900120084, NULL, NULL, NULL),
  ('run-scheduler-a', 1782900180115, NULL, NULL, NULL),
  ('run-scheduler-a', 1782900240145, NULL, NULL, NULL),
  ('run-scheduler-a', 1782900300174, NULL, NULL, NULL),
  ('run-scheduler-a', 1782900360200, NULL, NULL, NULL),
  ('run-scheduler-a', 1782900420216, NULL, NULL, NULL),
  ('run-scheduler-a', 1782900480239, NULL, NULL, NULL),
  ('run-scheduler-a', 1782900540258, NULL, NULL, NULL),
  ('run-scheduler-a', 1782900600275, NULL, NULL, NULL),
  ('run-scheduler-a', 1782900660288, NULL, NULL, NULL),
  ('run-scheduler-a', 1782900720298, NULL, NULL, NULL),
  ('run-scheduler-a', 1782900780305, NULL, NULL, NULL),
  ('run-scheduler-a', 1782900840300, NULL, NULL, NULL),
  ('run-scheduler-a', 1782900900300, NULL, NULL, NULL),
  ('run-scheduler-a', 1782900960296, NULL, NULL, NULL),
  ('run-scheduler-a', 1782901020290, NULL, NULL, NULL),
  ('run-scheduler-a', 1782901080279, NULL, NULL, NULL),
  ('run-scheduler-a', 1782901140266, NULL, NULL, NULL),
  ('run-scheduler-a', 1782901200250, NULL, NULL, NULL),
  ('run-scheduler-a', 1782901260222, NULL, NULL, NULL),
  ('run-scheduler-a', 1782901320201, NULL, NULL, NULL),
  ('run-scheduler-a', 1782901380177, NULL, NULL, NULL),
  ('run-scheduler-a', 1782901440152, NULL, NULL, NULL),
  ('run-scheduler-a', 1782901500124, NULL, NULL, NULL),
  ('run-scheduler-a', 1782901560096, NULL, NULL, NULL),
  ('run-scheduler-a', 1782901620067, NULL, NULL, NULL),
  ('run-scheduler-a', 1782901680029, NULL, NULL, NULL),
  ('run-scheduler-a', 1782901739999, NULL, NULL, NULL),
  ('run-scheduler-a', 1782901799969, NULL, NULL, NULL),
  ('run-scheduler-a', 1782901859940, NULL, NULL, NULL),
  ('run-scheduler-a', 1782901919912, NULL, NULL, NULL),
  ('run-scheduler-a', 1782901979886, NULL, NULL, NULL),
  ('run-scheduler-a', 1782902039861, NULL, NULL, NULL),
  ('run-scheduler-a', 1782902099830, NULL, NULL, NULL),
  ('run-scheduler-a', 1782902159809, NULL, NULL, NULL),
  ('run-scheduler-a', 1782902219792, NULL, NULL, NULL),
  ('run-scheduler-a', 1782902279777, NULL, NULL, NULL),
  ('run-scheduler-a', 1782902339765, NULL, NULL, NULL),
  ('run-scheduler-a', 1782902399756, NULL, NULL, NULL),
  ('run-scheduler-a', 1782902459751, NULL, NULL, NULL),
  ('run-scheduler-a', 1782902519740, NULL, NULL, NULL),
  ('run-scheduler-a', 1782902579742, NULL, NULL, NULL),
  ('run-scheduler-a', 1782902639747, NULL, NULL, NULL),
  ('run-scheduler-a', 1782902699755, NULL, NULL, NULL),
  ('run-scheduler-a', 1782902759767, NULL, NULL, NULL),
  ('run-scheduler-a', 1782902819782, NULL, NULL, NULL),
  ('run-scheduler-a', 1782902879799, NULL, NULL, NULL),
  ('run-scheduler-a', 1782902939812, NULL, NULL, NULL),
  ('run-scheduler-a', 1782902999835, NULL, NULL, NULL),
  ('run-scheduler-a', 1782903059861, NULL, NULL, NULL),
  ('run-scheduler-a', 1782903119888, NULL, NULL, NULL),
  ('run-scheduler-a', 1782903179917, NULL, NULL, NULL),
  ('run-scheduler-a', 1782903239948, NULL, NULL, NULL),
  ('run-scheduler-a', 1782903299979, NULL, NULL, NULL),
  ('run-scheduler-a', 1782903360003, NULL, NULL, NULL),
  ('run-scheduler-a', 1782903420035, NULL, NULL, NULL),
  ('run-scheduler-a', 1782903480067, NULL, NULL, NULL),
  ('run-scheduler-a', 1782903540099, NULL, NULL, NULL),
  ('run-scheduler-a', 1782903600130, NULL, NULL, NULL),
  ('run-scheduler-a', 1782903660159, NULL, NULL, NULL),
  ('run-scheduler-a', 1782903720187, NULL, NULL, NULL),
  ('run-scheduler-a', 1782903780204, NULL, NULL, NULL),
  ('run-scheduler-a', 1782903840227, NULL, NULL, NULL),
  ('run-scheduler-a', 1782903900248, NULL, NULL, NULL),
  ('run-scheduler-a', 1782903960266, NULL, NULL, NULL),
  ('run-scheduler-a', 1782904020282, NULL, NULL, NULL),
  ('run-scheduler-a', 1782904080294, NULL, NULL, NULL),
  ('run-scheduler-a', 1782904140302, NULL, NULL, NULL),
  ('run-scheduler-a', 1782904200299, NULL, NULL, NULL),
  ('run-scheduler-a', 1782904260301, NULL, NULL, NULL),
  ('run-scheduler-a', 1782904320299, NULL, NULL, NULL),
  ('run-scheduler-a', 1782904380294, NULL, NULL, NULL),
  ('run-scheduler-a', 1782904440286, NULL, NULL, NULL),
  ('run-scheduler-a', 1782904500274, NULL, NULL, NULL),
  ('run-scheduler-a', 1782904560260, NULL, NULL, NULL),
  ('run-scheduler-a', 1782904620234, NULL, NULL, NULL),
  ('run-scheduler-a', 1782904680214, NULL, NULL, NULL),
  ('run-scheduler-a', 1782904740191, NULL, NULL, NULL),
  ('run-scheduler-a', 1782904800167, NULL, NULL, NULL),
  ('run-scheduler-a', 1782904860140, NULL, NULL, NULL),
  ('run-scheduler-a', 1782904920112, NULL, NULL, NULL),
  ('run-scheduler-a', 1782904980084, NULL, NULL, NULL),
  ('run-scheduler-a', 1782905040046, NULL, NULL, NULL),
  ('run-scheduler-a', 1782905100016, NULL, NULL, NULL),
  ('run-scheduler-a', 1782905159986, NULL, NULL, NULL),
  ('run-scheduler-a', 1782905219957, NULL, NULL, NULL),
  ('run-scheduler-a', 1782905279928, NULL, NULL, NULL),
  ('run-scheduler-a', 1782905339901, NULL, NULL, NULL),
  ('run-scheduler-a', 1782905399875, NULL, NULL, NULL),
  ('run-scheduler-a', 1782905459843, NULL, NULL, NULL),
  ('run-scheduler-a', 1782905519821, NULL, NULL, NULL),
  ('run-scheduler-a', 1782905579802, NULL, NULL, NULL),
  ('run-scheduler-a', 1782905639785, NULL, NULL, NULL),
  ('run-scheduler-a', 1782905699771, NULL, NULL, NULL),
  ('run-scheduler-a', 1782905759761, NULL, NULL, NULL),
  ('run-scheduler-a', 1782905819754, NULL, NULL, NULL),
  ('run-scheduler-a', 1782905879742, NULL, NULL, NULL),
  ('run-scheduler-a', 1782905939741, NULL, NULL, NULL),
  ('run-scheduler-a', 1782905999744, NULL, NULL, NULL),
  ('run-scheduler-a', 1782906059751, NULL, NULL, NULL),
  ('run-scheduler-a', 1782906119761, NULL, NULL, NULL),
  ('run-scheduler-a', 1782906179774, NULL, NULL, NULL),
  ('run-scheduler-a', 1782906239790, NULL, NULL, NULL),
  ('run-scheduler-a', 1782906299801, NULL, NULL, NULL),
  ('run-scheduler-a', 1782906359823, NULL, NULL, NULL),
  ('run-scheduler-a', 1782906419847, NULL, NULL, NULL),
  ('run-scheduler-a', 1782906479873, NULL, NULL, NULL),
  ('run-scheduler-a', 1782906539902, NULL, NULL, NULL),
  ('run-scheduler-a', 1782906599932, NULL, NULL, NULL),
  ('run-scheduler-a', 1782906659963, NULL, NULL, NULL),
  ('run-scheduler-a', 1782906719986, NULL, NULL, NULL),
  ('run-scheduler-a', 1782906780018, NULL, NULL, NULL),
  ('run-scheduler-a', 1782906840050, NULL, NULL, NULL),
  ('run-scheduler-a', 1782906900082, NULL, NULL, NULL),
  ('run-scheduler-a', 1782906960114, NULL, NULL, NULL),
  ('run-scheduler-a', 1782907020144, NULL, NULL, NULL),
  ('run-scheduler-a', 1782907080172, NULL, NULL, NULL),
  ('run-scheduler-a', 1782907140191, NULL, NULL, NULL);

INSERT INTO observation (run_id, created_at, metrics, meta, client_ip) VALUES
  ('run-scheduler-b', 1782900000020, NULL, NULL, NULL),
  ('run-scheduler-b', 1782900060101, NULL, NULL, NULL),
  ('run-scheduler-b', 1782900120180, NULL, NULL, NULL),
  ('run-scheduler-b', 1782900180258, NULL, NULL, NULL),
  ('run-scheduler-b', 1782900240333, NULL, NULL, NULL),
  ('run-scheduler-b', 1782900300404, NULL, NULL, NULL),
  ('run-scheduler-b', 1782900360471, NULL, NULL, NULL),
  ('run-scheduler-b', 1782900420511, NULL, NULL, NULL),
  ('run-scheduler-b', 1782900480566, NULL, NULL, NULL),
  ('run-scheduler-b', 1782900540615, NULL, NULL, NULL),
  ('run-scheduler-b', 1782900600656, NULL, NULL, NULL),
  ('run-scheduler-b', 1782900660690, NULL, NULL, NULL),
  ('run-scheduler-b', 1782900720715, NULL, NULL, NULL),
  ('run-scheduler-b', 1782900780732, NULL, NULL, NULL),
  ('run-scheduler-b', 1782900840720, NULL, NULL, NULL),
  ('run-scheduler-b', 1782900900720, NULL, NULL, NULL),
  ('run-scheduler-b', 1782900960711, NULL, NULL, NULL),
  ('run-scheduler-b', 1782901020694, NULL, NULL, NULL),
  ('run-scheduler-b', 1782901080669, NULL, NULL, NULL),
  ('run-scheduler-b', 1782901140635, NULL, NULL, NULL),
  ('run-scheduler-b', 1782901200595, NULL, NULL, NULL),
  ('run-scheduler-b', 1782901260526, NULL, NULL, NULL),
  ('run-scheduler-b', 1782901320472, NULL, NULL, NULL),
  ('run-scheduler-b', 1782901380413, NULL, NULL, NULL),
  ('run-scheduler-b', 1782901440349, NULL, NULL, NULL),
  ('run-scheduler-b', 1782901500281, NULL, NULL, NULL),
  ('run-scheduler-b', 1782901560210, NULL, NULL, NULL),
  ('run-scheduler-b', 1782901620137, NULL, NULL, NULL),
  ('run-scheduler-b', 1782901680041, NULL, NULL, NULL),
  ('run-scheduler-b', 1782901739967, NULL, NULL, NULL),
  ('run-scheduler-b', 1782901799893, NULL, NULL, NULL),
  ('run-scheduler-b', 1782901859820, NULL, NULL, NULL),
  ('run-scheduler-b', 1782901919750, NULL, NULL, NULL),
  ('run-scheduler-b', 1782901979684, NULL, NULL, NULL),
  ('run-scheduler-b', 1782902039622, NULL, NULL, NULL),
  ('run-scheduler-b', 1782902099544, NULL, NULL, NULL),
  ('run-scheduler-b', 1782902159493, NULL, NULL, NULL),
  ('run-scheduler-b', 1782902219449, NULL, NULL, NULL),
  ('run-scheduler-b', 1782902279411, NULL, NULL, NULL),
  ('run-scheduler-b', 1782902339382, NULL, NULL, NULL),
  ('run-scheduler-b', 1782902399360, NULL, NULL, NULL),
  ('run-scheduler-b', 1782902459347, NULL, NULL, NULL),
  ('run-scheduler-b', 1782902519321, NULL, NULL, NULL),
  ('run-scheduler-b', 1782902579324, NULL, NULL, NULL),
  ('run-scheduler-b', 1782902639337, NULL, NULL, NULL),
  ('run-scheduler-b', 1782902699358, NULL, NULL, NULL),
  ('run-scheduler-b', 1782902759387, NULL, NULL, NULL),
  ('run-scheduler-b', 1782902819424, NULL, NULL, NULL),
  ('run-scheduler-b', 1782902879469, NULL, NULL, NULL),
  ('run-scheduler-b', 1782902939499, NULL, NULL, NULL),
  ('run-scheduler-b', 1782902999557, NULL, NULL, NULL),
  ('run-scheduler-b', 1782903059621, NULL, NULL, NULL),
  ('run-scheduler-b', 1782903119690, NULL, NULL, NULL),
  ('run-scheduler-b', 1782903179763, NULL, NULL, NULL),
  ('run-scheduler-b', 1782903239839, NULL, NULL, NULL),
  ('run-scheduler-b', 1782903299918, NULL, NULL, NULL),
  ('run-scheduler-b', 1782903359977, NULL, NULL, NULL),
  ('run-scheduler-b', 1782903420058, NULL, NULL, NULL),
  ('run-scheduler-b', 1782903480138, NULL, NULL, NULL),
  ('run-scheduler-b', 1782903540217, NULL, NULL, NULL),
  ('run-scheduler-b', 1782903600294, NULL, NULL, NULL),
  ('run-scheduler-b', 1782903660367, NULL, NULL, NULL),
  ('run-scheduler-b', 1782903720437, NULL, NULL, NULL),
  ('run-scheduler-b', 1782903780480, NULL, NULL, NULL),
  ('run-scheduler-b', 1782903840539, NULL, NULL, NULL),
  ('run-scheduler-b', 1782903900591, NULL, NULL, NULL),
  ('run-scheduler-b', 1782903960636, NULL, NULL, NULL),
  ('run-scheduler-b', 1782904020674, NULL, NULL, NULL),
  ('run-scheduler-b', 1782904080704, NULL, NULL, NULL),
  ('run-scheduler-b', 1782904140726, NULL, NULL, NULL),
  ('run-scheduler-b', 1782904200718, NULL, NULL, NULL),
  ('run-scheduler-b', 1782904260723, NULL, NULL, NULL),
  ('run-scheduler-b', 1782904320719, NULL, NULL, NULL),
  ('run-scheduler-b', 1782904380706, NULL, NULL, NULL),
  ('run-scheduler-b', 1782904440685, NULL, NULL, NULL),
  ('run-scheduler-b', 1782904500656, NULL, NULL, NULL),
  ('run-scheduler-b', 1782904560619, NULL, NULL, NULL),
  ('run-scheduler-b', 1782904620555, NULL, NULL, NULL),
  ('run-scheduler-b', 1782904680504, NULL, NULL, NULL),
  ('run-scheduler-b', 1782904740448, NULL, NULL, NULL),
  ('run-scheduler-b', 1782904800386, NULL, NULL, NULL),
  ('run-scheduler-b', 1782904860320, NULL, NULL, NULL),
  ('run-scheduler-b', 1782904920251, NULL, NULL, NULL),
  ('run-scheduler-b', 1782904980179, NULL, NULL, NULL),
  ('run-scheduler-b', 1782905040084, NULL, NULL, NULL),
  ('run-scheduler-b', 1782905100009, NULL, NULL, NULL),
  ('run-scheduler-b', 1782905159935, NULL, NULL, NULL),
  ('run-scheduler-b', 1782905219861, NULL, NULL, NULL),
  ('run-scheduler-b', 1782905279790, NULL, NULL, NULL),
  ('run-scheduler-b', 1782905339722, NULL, NULL, NULL),
  ('run-scheduler-b', 1782905399657, NULL, NULL, NULL),
  ('run-scheduler-b', 1782905459576, NULL, NULL, NULL),
  ('run-scheduler-b', 1782905519522, NULL, NULL, NULL),
  ('run-scheduler-b', 1782905579474, NULL, NULL, NULL),
  ('run-scheduler-b', 1782905639433, NULL, NULL, NULL),
  ('run-scheduler-b', 1782905699399, NULL, NULL, NULL),
  ('run-scheduler-b', 1782905759373, NULL, NULL, NULL),
  ('run-scheduler-b', 1782905819355, NULL, NULL, NULL),
  ('run-scheduler-b', 1782905879324, NULL, NULL, NULL),
  ('run-scheduler-b', 1782905939323, NULL, NULL, NULL),
  ('run-scheduler-b', 1782905999331, NULL, NULL, NULL),
  ('run-scheduler-b', 1782906059347, NULL, NULL, NULL),
  ('run-scheduler-b', 1782906119372, NULL, NULL, NULL),
  ('run-scheduler-b', 1782906179404, NULL, NULL, NULL),
  ('run-scheduler-b', 1782906239445, NULL, NULL, NULL),
  ('run-scheduler-b', 1782906299472, NULL, NULL, NULL),
  ('run-scheduler-b', 1782906359526, NULL, NULL, NULL),
  ('run-scheduler-b', 1782906419587, NULL, NULL, NULL),
  ('run-scheduler-b', 1782906479653, NULL, NULL, NULL),
  ('run-scheduler-b', 1782906539724, NULL, NULL, NULL),
  ('run-scheduler-b', 1782906599799, NULL, NULL, NULL),
  ('run-scheduler-b', 1782906659876, NULL, NULL, NULL),
  ('run-scheduler-b', 1782906719935, NULL, NULL, NULL),
  ('run-scheduler-b', 1782906780015, NULL, NULL, NULL),
  ('run-scheduler-b', 1782906840096, NULL, NULL, NULL),
  ('run-scheduler-b', 1782906900176, NULL, NULL, NULL),
  ('run-scheduler-b', 1782906960254, NULL, NULL, NULL),
  ('run-scheduler-b', 1782907020329, NULL, NULL, NULL),
  ('run-scheduler-b', 1782907080401, NULL, NULL, NULL),
  ('run-scheduler-b', 1782907140447, NULL, NULL, NULL);
