-- smplmark local dev seed. Apply with:
--   wrangler d1 execute smplmark --local --file scripts/seed.sql
-- Dev ingest secrets (plaintext, local only — never commit real secrets):
--   scheduler-a: dev-secret-scheduler-a
--   scheduler-b: dev-secret-scheduler-b

DELETE FROM sample; DELETE FROM run; DELETE FROM target; DELETE FROM benchmark; DELETE FROM account;

INSERT INTO account (id, key, name, created_at) VALUES ('acct-smplkit', 'smplkit', 'smplkit', 1751364000000);

INSERT INTO benchmark (id, account_id, key, name, description, visibility, sample_schema, created_at, updated_at) VALUES ('bench-scheduler-latency', 'acct-smplkit', 'scheduler-latency', 'Scheduler Latency', 'How far past the top of the minute each scheduler''s beacon actually arrives.', 'published', '{"metrics":[],"derived":[{"name":"skew_ms","unit":"ms","expr":{"minute_offset_ms":[{"var":"created_at"}]}}]}', 1751364000000, 1751364000000);

INSERT INTO target (id, benchmark_id, key, name, details, secret_hash, created_at, updated_at) VALUES ('tgt-scheduler-a', 'bench-scheduler-latency', 'scheduler-a', 'Scheduler A', NULL, 'c712cd2f63013bf6f31cea3284212828f99212464b244617c660597fdcb3ac8e', 1751364000000, 1751364000000);
INSERT INTO run (id, target_id, key, name, details, created_at, updated_at) VALUES ('run-scheduler-a', 'tgt-scheduler-a', 'default', 'default', NULL, 1751364000000, 1751364000000);
INSERT INTO target (id, benchmark_id, key, name, details, secret_hash, created_at, updated_at) VALUES ('tgt-scheduler-b', 'bench-scheduler-latency', 'scheduler-b', 'Scheduler B', NULL, '021ca32888d92dd806935d960e63d6306cbaf695bc7fd11110a6611c7b1b0dea', 1751364000000, 1751364000000);
INSERT INTO run (id, target_id, key, name, details, created_at, updated_at) VALUES ('run-scheduler-b', 'tgt-scheduler-b', 'default', 'default', NULL, 1751364000000, 1751364000000);

INSERT INTO sample (run_id, created_at, metrics, meta, client_ip) VALUES
  ('run-scheduler-a', 1782900000020, NULL, NULL, NULL),
  ('run-scheduler-a', 1782900060027, NULL, NULL, NULL),
  ('run-scheduler-a', 1782900120034, NULL, NULL, NULL),
  ('run-scheduler-a', 1782900180041, NULL, NULL, NULL),
  ('run-scheduler-a', 1782900240047, NULL, NULL, NULL),
  ('run-scheduler-a', 1782900300053, NULL, NULL, NULL),
  ('run-scheduler-a', 1782900360058, NULL, NULL, NULL),
  ('run-scheduler-a', 1782900420062, NULL, NULL, NULL),
  ('run-scheduler-a', 1782900480065, NULL, NULL, NULL),
  ('run-scheduler-a', 1782900540068, NULL, NULL, NULL),
  ('run-scheduler-a', 1782900600069, NULL, NULL, NULL),
  ('run-scheduler-a', 1782900660070, NULL, NULL, NULL),
  ('run-scheduler-a', 1782900720069, NULL, NULL, NULL),
  ('run-scheduler-a', 1782900780068, NULL, NULL, NULL),
  ('run-scheduler-a', 1782900840065, NULL, NULL, NULL),
  ('run-scheduler-a', 1782900900062, NULL, NULL, NULL),
  ('run-scheduler-a', 1782900960058, NULL, NULL, NULL),
  ('run-scheduler-a', 1782901020053, NULL, NULL, NULL),
  ('run-scheduler-a', 1782901080047, NULL, NULL, NULL),
  ('run-scheduler-a', 1782901140041, NULL, NULL, NULL),
  ('run-scheduler-a', 1782901200034, NULL, NULL, NULL),
  ('run-scheduler-a', 1782901260027, NULL, NULL, NULL),
  ('run-scheduler-a', 1782901320020, NULL, NULL, NULL),
  ('run-scheduler-a', 1782901380027, NULL, NULL, NULL),
  ('run-scheduler-a', 1782901440034, NULL, NULL, NULL),
  ('run-scheduler-a', 1782901500041, NULL, NULL, NULL),
  ('run-scheduler-a', 1782901560047, NULL, NULL, NULL),
  ('run-scheduler-a', 1782901620053, NULL, NULL, NULL),
  ('run-scheduler-a', 1782901680058, NULL, NULL, NULL),
  ('run-scheduler-a', 1782901740062, NULL, NULL, NULL),
  ('run-scheduler-a', 1782901800066, NULL, NULL, NULL),
  ('run-scheduler-a', 1782901860068, NULL, NULL, NULL),
  ('run-scheduler-a', 1782901920070, NULL, NULL, NULL),
  ('run-scheduler-a', 1782901980070, NULL, NULL, NULL),
  ('run-scheduler-a', 1782902040069, NULL, NULL, NULL),
  ('run-scheduler-a', 1782902100068, NULL, NULL, NULL),
  ('run-scheduler-a', 1782902160065, NULL, NULL, NULL),
  ('run-scheduler-a', 1782902220062, NULL, NULL, NULL),
  ('run-scheduler-a', 1782902280058, NULL, NULL, NULL),
  ('run-scheduler-a', 1782902340053, NULL, NULL, NULL),
  ('run-scheduler-a', 1782902400047, NULL, NULL, NULL),
  ('run-scheduler-a', 1782902460041, NULL, NULL, NULL),
  ('run-scheduler-a', 1782902520034, NULL, NULL, NULL),
  ('run-scheduler-a', 1782902580027, NULL, NULL, NULL),
  ('run-scheduler-a', 1782902640020, NULL, NULL, NULL),
  ('run-scheduler-a', 1782902700027, NULL, NULL, NULL),
  ('run-scheduler-a', 1782902760034, NULL, NULL, NULL),
  ('run-scheduler-a', 1782902820041, NULL, NULL, NULL),
  ('run-scheduler-a', 1782902880047, NULL, NULL, NULL),
  ('run-scheduler-a', 1782902940053, NULL, NULL, NULL),
  ('run-scheduler-a', 1782903000058, NULL, NULL, NULL),
  ('run-scheduler-a', 1782903060062, NULL, NULL, NULL),
  ('run-scheduler-a', 1782903120066, NULL, NULL, NULL),
  ('run-scheduler-a', 1782903180068, NULL, NULL, NULL),
  ('run-scheduler-a', 1782903240070, NULL, NULL, NULL),
  ('run-scheduler-a', 1782903300070, NULL, NULL, NULL),
  ('run-scheduler-a', 1782903360069, NULL, NULL, NULL),
  ('run-scheduler-a', 1782903420068, NULL, NULL, NULL),
  ('run-scheduler-a', 1782903480065, NULL, NULL, NULL),
  ('run-scheduler-a', 1782903540062, NULL, NULL, NULL),
  ('run-scheduler-a', 1782903600058, NULL, NULL, NULL),
  ('run-scheduler-a', 1782903660053, NULL, NULL, NULL),
  ('run-scheduler-a', 1782903720047, NULL, NULL, NULL),
  ('run-scheduler-a', 1782903780041, NULL, NULL, NULL),
  ('run-scheduler-a', 1782903840034, NULL, NULL, NULL),
  ('run-scheduler-a', 1782903900027, NULL, NULL, NULL),
  ('run-scheduler-a', 1782903960020, NULL, NULL, NULL),
  ('run-scheduler-a', 1782904020027, NULL, NULL, NULL),
  ('run-scheduler-a', 1782904080034, NULL, NULL, NULL),
  ('run-scheduler-a', 1782904140041, NULL, NULL, NULL),
  ('run-scheduler-a', 1782904200047, NULL, NULL, NULL),
  ('run-scheduler-a', 1782904260053, NULL, NULL, NULL),
  ('run-scheduler-a', 1782904320058, NULL, NULL, NULL),
  ('run-scheduler-a', 1782904380062, NULL, NULL, NULL),
  ('run-scheduler-a', 1782904440066, NULL, NULL, NULL),
  ('run-scheduler-a', 1782904500068, NULL, NULL, NULL),
  ('run-scheduler-a', 1782904560070, NULL, NULL, NULL),
  ('run-scheduler-a', 1782904620070, NULL, NULL, NULL),
  ('run-scheduler-a', 1782904680069, NULL, NULL, NULL),
  ('run-scheduler-a', 1782904740068, NULL, NULL, NULL),
  ('run-scheduler-a', 1782904800065, NULL, NULL, NULL),
  ('run-scheduler-a', 1782904860062, NULL, NULL, NULL),
  ('run-scheduler-a', 1782904920058, NULL, NULL, NULL),
  ('run-scheduler-a', 1782904980053, NULL, NULL, NULL),
  ('run-scheduler-a', 1782905040047, NULL, NULL, NULL),
  ('run-scheduler-a', 1782905100041, NULL, NULL, NULL),
  ('run-scheduler-a', 1782905160034, NULL, NULL, NULL),
  ('run-scheduler-a', 1782905220027, NULL, NULL, NULL),
  ('run-scheduler-a', 1782905280020, NULL, NULL, NULL),
  ('run-scheduler-a', 1782905340027, NULL, NULL, NULL),
  ('run-scheduler-a', 1782905400034, NULL, NULL, NULL),
  ('run-scheduler-a', 1782905460041, NULL, NULL, NULL),
  ('run-scheduler-a', 1782905520047, NULL, NULL, NULL),
  ('run-scheduler-a', 1782905580053, NULL, NULL, NULL),
  ('run-scheduler-a', 1782905640058, NULL, NULL, NULL),
  ('run-scheduler-a', 1782905700062, NULL, NULL, NULL),
  ('run-scheduler-a', 1782905760066, NULL, NULL, NULL),
  ('run-scheduler-a', 1782905820068, NULL, NULL, NULL),
  ('run-scheduler-a', 1782905880070, NULL, NULL, NULL),
  ('run-scheduler-a', 1782905940070, NULL, NULL, NULL),
  ('run-scheduler-a', 1782906000069, NULL, NULL, NULL),
  ('run-scheduler-a', 1782906060068, NULL, NULL, NULL),
  ('run-scheduler-a', 1782906120065, NULL, NULL, NULL),
  ('run-scheduler-a', 1782906180062, NULL, NULL, NULL),
  ('run-scheduler-a', 1782906240058, NULL, NULL, NULL),
  ('run-scheduler-a', 1782906300053, NULL, NULL, NULL),
  ('run-scheduler-a', 1782906360047, NULL, NULL, NULL),
  ('run-scheduler-a', 1782906420040, NULL, NULL, NULL),
  ('run-scheduler-a', 1782906480034, NULL, NULL, NULL),
  ('run-scheduler-a', 1782906540027, NULL, NULL, NULL),
  ('run-scheduler-a', 1782906600020, NULL, NULL, NULL),
  ('run-scheduler-a', 1782906660027, NULL, NULL, NULL),
  ('run-scheduler-a', 1782906720034, NULL, NULL, NULL),
  ('run-scheduler-a', 1782906780041, NULL, NULL, NULL),
  ('run-scheduler-a', 1782906840047, NULL, NULL, NULL),
  ('run-scheduler-a', 1782906900053, NULL, NULL, NULL),
  ('run-scheduler-a', 1782906960058, NULL, NULL, NULL),
  ('run-scheduler-a', 1782907020062, NULL, NULL, NULL),
  ('run-scheduler-a', 1782907080066, NULL, NULL, NULL),
  ('run-scheduler-a', 1782907140068, NULL, NULL, NULL);

INSERT INTO sample (run_id, created_at, metrics, meta, client_ip) VALUES
  ('run-scheduler-b', 1782900001020, NULL, NULL, NULL),
  ('run-scheduler-b', 1782900060239, NULL, NULL, NULL),
  ('run-scheduler-b', 1782900120354, NULL, NULL, NULL),
  ('run-scheduler-b', 1782900180459, NULL, NULL, NULL),
  ('run-scheduler-b', 1782900240550, NULL, NULL, NULL),
  ('run-scheduler-b', 1782900300625, NULL, NULL, NULL),
  ('run-scheduler-b', 1782900360679, NULL, NULL, NULL),
  ('run-scheduler-b', 1782900420711, NULL, NULL, NULL),
  ('run-scheduler-b', 1782900480720, NULL, NULL, NULL),
  ('run-scheduler-b', 1782900540704, NULL, NULL, NULL),
  ('run-scheduler-b', 1782900600666, NULL, NULL, NULL),
  ('run-scheduler-b', 1782900660605, NULL, NULL, NULL),
  ('run-scheduler-b', 1782900720525, NULL, NULL, NULL),
  ('run-scheduler-b', 1782900780429, NULL, NULL, NULL),
  ('run-scheduler-b', 1782900840321, NULL, NULL, NULL),
  ('run-scheduler-b', 1782900900205, NULL, NULL, NULL),
  ('run-scheduler-b', 1782900960155, NULL, NULL, NULL),
  ('run-scheduler-b', 1782901020273, NULL, NULL, NULL),
  ('run-scheduler-b', 1782901080386, NULL, NULL, NULL),
  ('run-scheduler-b', 1782901140487, NULL, NULL, NULL),
  ('run-scheduler-b', 1782901200574, NULL, NULL, NULL),
  ('run-scheduler-b', 1782901260643, NULL, NULL, NULL),
  ('run-scheduler-b', 1782901320691, NULL, NULL, NULL),
  ('run-scheduler-b', 1782901381616, NULL, NULL, NULL),
  ('run-scheduler-b', 1782901440718, NULL, NULL, NULL),
  ('run-scheduler-b', 1782901500695, NULL, NULL, NULL),
  ('run-scheduler-b', 1782901560650, NULL, NULL, NULL),
  ('run-scheduler-b', 1782901620584, NULL, NULL, NULL),
  ('run-scheduler-b', 1782901680499, NULL, NULL, NULL),
  ('run-scheduler-b', 1782901740399, NULL, NULL, NULL),
  ('run-scheduler-b', 1782901800288, NULL, NULL, NULL),
  ('run-scheduler-b', 1782901860170, NULL, NULL, NULL),
  ('run-scheduler-b', 1782901920190, NULL, NULL, NULL),
  ('run-scheduler-b', 1782901980307, NULL, NULL, NULL),
  ('run-scheduler-b', 1782902040416, NULL, NULL, NULL),
  ('run-scheduler-b', 1782902100514, NULL, NULL, NULL),
  ('run-scheduler-b', 1782902160596, NULL, NULL, NULL),
  ('run-scheduler-b', 1782902220659, NULL, NULL, NULL),
  ('run-scheduler-b', 1782902280701, NULL, NULL, NULL),
  ('run-scheduler-b', 1782902340719, NULL, NULL, NULL),
  ('run-scheduler-b', 1782902400714, NULL, NULL, NULL),
  ('run-scheduler-b', 1782902460684, NULL, NULL, NULL),
  ('run-scheduler-b', 1782902520633, NULL, NULL, NULL),
  ('run-scheduler-b', 1782902580561, NULL, NULL, NULL),
  ('run-scheduler-b', 1782902640471, NULL, NULL, NULL),
  ('run-scheduler-b', 1782902700367, NULL, NULL, NULL),
  ('run-scheduler-b', 1782902761154, NULL, NULL, NULL),
  ('run-scheduler-b', 1782902820135, NULL, NULL, NULL),
  ('run-scheduler-b', 1782902880225, NULL, NULL, NULL),
  ('run-scheduler-b', 1782902940340, NULL, NULL, NULL),
  ('run-scheduler-b', 1782903000446, NULL, NULL, NULL),
  ('run-scheduler-b', 1782903060540, NULL, NULL, NULL),
  ('run-scheduler-b', 1782903120617, NULL, NULL, NULL),
  ('run-scheduler-b', 1782903180674, NULL, NULL, NULL),
  ('run-scheduler-b', 1782903240709, NULL, NULL, NULL),
  ('run-scheduler-b', 1782903300720, NULL, NULL, NULL),
  ('run-scheduler-b', 1782903360708, NULL, NULL, NULL),
  ('run-scheduler-b', 1782903420672, NULL, NULL, NULL),
  ('run-scheduler-b', 1782903480614, NULL, NULL, NULL),
  ('run-scheduler-b', 1782903540536, NULL, NULL, NULL),
  ('run-scheduler-b', 1782903600442, NULL, NULL, NULL),
  ('run-scheduler-b', 1782903660335, NULL, NULL, NULL),
  ('run-scheduler-b', 1782903720219, NULL, NULL, NULL),
  ('run-scheduler-b', 1782903780140, NULL, NULL, NULL),
  ('run-scheduler-b', 1782903840259, NULL, NULL, NULL),
  ('run-scheduler-b', 1782903900372, NULL, NULL, NULL),
  ('run-scheduler-b', 1782903960475, NULL, NULL, NULL),
  ('run-scheduler-b', 1782904020564, NULL, NULL, NULL),
  ('run-scheduler-b', 1782904080635, NULL, NULL, NULL),
  ('run-scheduler-b', 1782904141586, NULL, NULL, NULL),
  ('run-scheduler-b', 1782904200714, NULL, NULL, NULL),
  ('run-scheduler-b', 1782904260719, NULL, NULL, NULL),
  ('run-scheduler-b', 1782904320699, NULL, NULL, NULL),
  ('run-scheduler-b', 1782904380657, NULL, NULL, NULL),
  ('run-scheduler-b', 1782904440593, NULL, NULL, NULL),
  ('run-scheduler-b', 1782904500510, NULL, NULL, NULL),
  ('run-scheduler-b', 1782904560412, NULL, NULL, NULL),
  ('run-scheduler-b', 1782904620302, NULL, NULL, NULL),
  ('run-scheduler-b', 1782904680185, NULL, NULL, NULL),
  ('run-scheduler-b', 1782904740175, NULL, NULL, NULL),
  ('run-scheduler-b', 1782904800293, NULL, NULL, NULL),
  ('run-scheduler-b', 1782904860403, NULL, NULL, NULL),
  ('run-scheduler-b', 1782904920503, NULL, NULL, NULL),
  ('run-scheduler-b', 1782904980587, NULL, NULL, NULL),
  ('run-scheduler-b', 1782905040653, NULL, NULL, NULL),
  ('run-scheduler-b', 1782905100697, NULL, NULL, NULL),
  ('run-scheduler-b', 1782905160718, NULL, NULL, NULL),
  ('run-scheduler-b', 1782905220716, NULL, NULL, NULL),
  ('run-scheduler-b', 1782905280689, NULL, NULL, NULL),
  ('run-scheduler-b', 1782905340640, NULL, NULL, NULL),
  ('run-scheduler-b', 1782905400571, NULL, NULL, NULL),
  ('run-scheduler-b', 1782905460483, NULL, NULL, NULL),
  ('run-scheduler-b', 1782905521281, NULL, NULL, NULL),
  ('run-scheduler-b', 1782905580268, NULL, NULL, NULL),
  ('run-scheduler-b', 1782905640150, NULL, NULL, NULL),
  ('run-scheduler-b', 1782905700210, NULL, NULL, NULL),
  ('run-scheduler-b', 1782905760326, NULL, NULL, NULL),
  ('run-scheduler-b', 1782905820434, NULL, NULL, NULL),
  ('run-scheduler-b', 1782905880529, NULL, NULL, NULL),
  ('run-scheduler-b', 1782905940608, NULL, NULL, NULL),
  ('run-scheduler-b', 1782906000668, NULL, NULL, NULL),
  ('run-scheduler-b', 1782906060705, NULL, NULL, NULL),
  ('run-scheduler-b', 1782906120720, NULL, NULL, NULL),
  ('run-scheduler-b', 1782906180710, NULL, NULL, NULL),
  ('run-scheduler-b', 1782906240677, NULL, NULL, NULL),
  ('run-scheduler-b', 1782906300622, NULL, NULL, NULL),
  ('run-scheduler-b', 1782906360547, NULL, NULL, NULL),
  ('run-scheduler-b', 1782906420454, NULL, NULL, NULL),
  ('run-scheduler-b', 1782906480349, NULL, NULL, NULL),
  ('run-scheduler-b', 1782906540234, NULL, NULL, NULL),
  ('run-scheduler-b', 1782906600125, NULL, NULL, NULL),
  ('run-scheduler-b', 1782906660244, NULL, NULL, NULL),
  ('run-scheduler-b', 1782906720359, NULL, NULL, NULL),
  ('run-scheduler-b', 1782906780463, NULL, NULL, NULL),
  ('run-scheduler-b', 1782906840554, NULL, NULL, NULL),
  ('run-scheduler-b', 1782906901528, NULL, NULL, NULL),
  ('run-scheduler-b', 1782906960681, NULL, NULL, NULL),
  ('run-scheduler-b', 1782907020712, NULL, NULL, NULL),
  ('run-scheduler-b', 1782907080720, NULL, NULL, NULL),
  ('run-scheduler-b', 1782907140703, NULL, NULL, NULL);
